lead_source,leads,conversions,conversion_rate
Website,15110,3725,0.246525479814
Email Campaign,11925,3001,0.251656184486
Webinar,9036,2290,0.253430721558
Paid Ads,8896,2226,0.250224820143
Referral,6082,1468,0.241367971062
Conference Booth,6002,1498,0.249583472175
Social Media,2949,732,0.248219735503
