campaign_id,campaign_name,channel,spend_amount,attributed_revenue,roi_revenue_to_spend
267,Campaign_267,Conference,4056,35449,8.7398915187376725838
119,Campaign_119,Webinar,904,33634,37.2057522123893805309
291,Campaign_291,Email,1073,32685,30.4613233923578751164
366,Campaign_366,Paid Ads,2001,31706,15.8450774612693653173
217,Campaign_217,Paid Ads,920,30754,33.4282608695652173913
