channel,leads,conversions,conversion_rate,avg_days_to_convert
Email,20693,5220,0.252259218093,49
Paid Ads,12807,3144,0.245490747247,49
Webinar,10173,2496,0.245355352403,49
Social Media,6167,1578,0.255878060645,48
Conference,5833,1430,0.245156866106,48
Referral,2571,643,0.250097238428,48
Website,1756,429,0.244305239179,50
