is_active,campaigns,avg_conversion_rate,avg_cost_per_conversion,avg_revenue_per_lead
1,372,0.247009279012,433.9556446317177502621,185.945225731370
0,228,0.252366817607,529.7186129774197124675,193.268991519766
